-- MySQL dump 10.13  Distrib 5.6.17, for Win64 (x86_64)
--
-- Host: localhost    Database: flowerpower
-- ------------------------------------------------------
-- Server version	5.6.23

/*!40101 SET @OLD_CHARACTER_SET_CLIENT=@@CHARACTER_SET_CLIENT */;
/*!40101 SET @OLD_CHARACTER_SET_RESULTS=@@CHARACTER_SET_RESULTS */;
/*!40101 SET @OLD_COLLATION_CONNECTION=@@COLLATION_CONNECTION */;
/*!40101 SET NAMES utf8 */;
/*!40103 SET @OLD_TIME_ZONE=@@TIME_ZONE */;
/*!40103 SET TIME_ZONE='+00:00' */;
/*!40014 SET @OLD_UNIQUE_CHECKS=@@UNIQUE_CHECKS, UNIQUE_CHECKS=0 */;
/*!40014 SET @OLD_FOREIGN_KEY_CHECKS=@@FOREIGN_KEY_CHECKS, FOREIGN_KEY_CHECKS=0 */;
/*!40101 SET @OLD_SQL_MODE=@@SQL_MODE, SQL_MODE='NO_AUTO_VALUE_ON_ZERO' */;
/*!40111 SET @OLD_SQL_NOTES=@@SQL_NOTES, SQL_NOTES=0 */;

--
-- Table structure for table `bestellung`
--

DROP TABLE IF EXISTS `bestellung`;
/*!40101 SET @saved_cs_client     = @@character_set_client */;
/*!40101 SET character_set_client = utf8 */;
CREATE TABLE `bestellung` (
  `BNr` int(11) NOT NULL,
  `BestDat` datetime DEFAULT NULL,
  `LiefDat` datetime DEFAULT NULL,
  `LiefNr` varchar(3) DEFAULT NULL,
  PRIMARY KEY (`BNr`),
  KEY `LiefNr` (`LiefNr`)
) ENGINE=MyISAM DEFAULT CHARSET=utf8;
/*!40101 SET character_set_client = @saved_cs_client */;

--
-- Dumping data for table `bestellung`
--

LOCK TABLES `bestellung` WRITE;
/*!40000 ALTER TABLE `bestellung` DISABLE KEYS */;
INSERT INTO `bestellung` VALUES (121,'1998-02-10 00:00:00','1998-02-24 00:00:00','013'),(174,'1998-03-21 00:00:00','1998-03-28 00:00:00','004'),(175,'1998-03-23 00:00:00','1998-03-30 00:00:00','004'),(181,'1998-03-30 00:00:00','1998-04-20 00:00:00','009'),(184,'1998-03-30 00:00:00','1998-04-09 00:00:00','022'),(186,'1998-04-04 00:00:00','1998-04-11 00:00:00','020'),(190,'1998-04-06 00:00:00','1998-04-16 00:00:00','014'),(191,'1998-04-06 00:00:00','1998-04-20 00:00:00','013'),(192,'1998-04-06 00:00:00','1998-04-16 00:00:00','035'),(197,'1998-04-07 00:00:00','1998-04-16 00:00:00','035'),(200,'1998-04-07 00:00:00','1998-04-14 00:00:00','004'),(201,'1998-04-19 00:00:00','1998-04-26 00:00:00','004'),(202,'1998-04-19 00:00:00','1998-04-29 00:00:00','014'),(203,'1998-04-25 00:00:00','1998-05-09 00:00:00','019'),(204,'1998-04-25 00:00:00','1998-05-09 00:00:00','034'),(218,'1998-04-28 00:00:00','1998-05-14 00:00:00','035'),(219,'1998-04-25 00:00:00','1998-05-10 00:00:00','021'),(500,'1998-05-14 00:00:00','1998-05-28 00:00:00','011'),(527,'1998-01-01 00:00:00','1998-01-12 00:00:00','021'),(530,'1998-01-01 00:00:00','1998-01-02 00:00:00','014'),(548,'1999-03-10 00:00:00','1999-03-24 00:00:00','004'),(549,'1999-03-10 00:00:00','1999-03-24 00:00:00','013'),(578,'1998-01-03 00:00:00','1998-01-23 00:00:00','019'),(617,'1998-01-03 00:00:00','1998-01-21 00:00:00','014'),(640,'1998-01-04 00:00:00','1998-01-24 00:00:00','020'),(660,'1998-01-05 00:00:00','1998-01-20 00:00:00','020'),(822,'1998-02-18 00:00:00','1998-03-08 00:00:00','004'),(840,'1998-02-21 00:00:00','1998-03-10 00:00:00','014');
/*!40000 ALTER TABLE `bestellung` ENABLE KEYS */;
UNLOCK TABLES;

--
-- Table structure for table `bestpos`
--

DROP TABLE IF EXISTS `bestpos`;
/*!40101 SET @saved_cs_client     = @@character_set_client */;
/*!40101 SET character_set_client = utf8 */;
CREATE TABLE `bestpos` (
  `LiefPNr` varchar(5) NOT NULL,
  `BNr` int(11) NOT NULL DEFAULT '0',
  `BestMenge` int(11) DEFAULT NULL,
  `BestPreis` decimal(19,4) DEFAULT NULL,
  PRIMARY KEY (`LiefPNr`,`BNr`),
  KEY `LiefPNr` (`LiefPNr`)
) ENGINE=MyISAM DEFAULT CHARSET=utf8;
/*!40101 SET character_set_client = @saved_cs_client */;

--
-- Dumping data for table `bestpos`
--

LOCK TABLES `bestpos` WRITE;
/*!40000 ALTER TABLE `bestpos` DISABLE KEYS */;
INSERT INTO `bestpos` VALUES ('099',181,20,6.0500),('103',640,20,1.1500),('103-2',190,100,1.0000),('1114',181,3,9.4500),('116',181,25,15.4500),('118-V',190,200,1.1500),('162',186,100,0.6500),('162-V',202,75,1.3500),('201-V',190,100,1.1500),('201-V',202,25,2.4000),('209',640,15,0.4000),('209',660,100,0.4000),('209-V',190,25,1.6000),('225-1',190,200,0.3500),('255-1',202,150,0.4000),('263-V',190,50,1.6500),('281',186,100,3.2500),('281-2',190,25,0.5500),('327-1',202,150,0.5000),('335-V',617,50,1.7000),('362-V',617,25,1.4500),('365V',530,100,0.3000),('365-V',840,50,0.3000),('393V',530,50,1.4500),('393-V',190,20,1.4500),('408-V',202,100,2.0500),('44',181,10,3.6000),('45',181,5,7.2000),('471',186,25,1.3000),('471-2',840,45,0.5500),('498-1',202,100,0.4000),('A002',549,200,1.4500),('A004',175,50,0.7500),('A004',200,25,1.2500),('A004',201,25,1.2500),('A004',548,100,1.1000),('A004',822,67,1.1000),('A075',175,250,0.2500),('A075',548,200,0.3500),('A101',191,100,1.1000),('A103',175,400,0.2000),('A103',191,1000,0.1000),('A103',549,100,0.1000),('A103',822,78,0.3000),('A154',121,150,0.4500),('A154',191,100,0.5000),('A154',549,200,0.5000),('A184',175,50,0.4500),('A184',200,25,0.6500),('A184',201,25,0.7000),('A184',822,412,0.6000),('A230',121,10,1.6500),('A385',175,100,0.4000),('A385',201,25,0.7000),('A395',121,15,2.3000),('A421',174,50,1.3500),('A421',175,50,0.8000),('A421',201,50,1.4500),('A472',191,250,0.6000),('ACMO',204,100,2.1500),('ALTH',203,25,1.1500),('ALTH',204,50,1.0000),('ALTH',218,50,1.0000),('B006',121,150,0.9500),('B101',191,50,0.4000),('B111',121,25,2.2500),('B111',191,50,2.1500),('B148',174,25,0.6500),('B148',175,50,0.4500),('B148',200,25,0.7000),('B148',201,25,0.7000),('B331',174,25,0.7000),('B331',175,10,0.4500),('B331',200,10,0.7000),('B331',201,25,0.7500),('B337',175,100,0.7000),('B396',121,50,1.6500),('B396',191,50,1.5000),('B578',191,10,11.7000),('BEGO',204,50,0.3500),('C051',191,10,7.5500),('C204',174,25,0.6500),('C274',175,25,0.4500),('C274',201,25,0.7500),('CAMP',204,150,1.5500),('CENT',203,50,1.1500),('CHEI',204,50,0.9500),('CYNO',203,50,1.4000),('D029',191,15,6.0000),('D225',175,25,0.3500),('D225',201,50,0.5500),('D296',191,10,7.5500),('D742',191,25,2.9500),('DELP',204,100,1.5000),('E-003',184,200,1.2000),('E05R',500,100,0.8000),('E098',121,50,1.9000),('E098',191,50,1.8000),('G001',191,24,1.2000),('G202',121,25,6.3500),('G430',191,30,2.7500),('GYPS',203,25,2.6500),('H510',191,40,1.7500),('HELI',578,40,1.2000),('HUL',527,50,11.2500),('KNIP',203,50,2.0500),('KOR',527,100,2.7500),('LIG',219,1000,0.2000),('LIG',527,100,0.2000),('LUPI',203,200,1.4000),('MATR',578,10,1.5000),('PAEO',578,20,2.7000),('POTE',578,40,1.3500),('ROSM',578,40,1.2000),('ST1P1',192,100,1.6500),('ST1P9',197,50,3.7500),('ST2P1',197,25,1.4500),('ST2P2',192,25,1.3500),('ST2P6',197,50,2.3000),('ST3P1',197,36,4.8500),('ST3P2',192,24,5.0500),('ST4P1',197,48,8.9500),('ST4P5',192,12,0.9000),('ST4P5',197,24,1.0000);
/*!40000 ALTER TABLE `bestpos` ENABLE KEYS */;
UNLOCK TABLES;

--
-- Table structure for table `liefangebot`
--

DROP TABLE IF EXISTS `liefangebot`;
/*!40101 SET @saved_cs_client     = @@character_set_client */;
/*!40101 SET character_set_client = utf8 */;
CREATE TABLE `liefangebot` (
  `LiefPNr` varchar(5) NOT NULL,
  `LiefNr` varchar(3) NOT NULL,
  `PNr` int(11) DEFAULT '0',
  `ALiefZeit` int(11) DEFAULT '0',
  `APreis` decimal(19,4) DEFAULT '0.0000',
  PRIMARY KEY (`LiefNr`,`LiefPNr`),
  KEY `LiefPNr` (`LiefPNr`),
  KEY `LiefNr` (`LiefNr`),
  KEY `PNr` (`PNr`)
) ENGINE=MyISAM DEFAULT CHARSET=utf8;
/*!40101 SET character_set_client = @saved_cs_client */;

--
-- Dumping data for table `liefangebot`
--

LOCK TABLES `liefangebot` WRITE;
/*!40000 ALTER TABLE `liefangebot` DISABLE KEYS */;
INSERT INTO `liefangebot` VALUES ('A004','004',36,7,1.1000),('A075','004',426,7,0.3500),('A103','004',157,7,0.3000),('A184','004',478,7,0.6000),('A385','004',95,7,0.6000),('A421','004',455,7,1.2000),('B148','004',380,7,0.6000),('B331','004',102,7,0.6000),('B337','004',74,7,1.1000),('C274','004',470,7,0.6000),('D225','004',434,7,0.5000),('103','009',66,14,6.1000),('11','009',420,21,9.9000),('114','009',209,14,8.8000),('115','009',281,21,5.6500),('116','009',263,21,14.4000),('13','009',195,21,6.5500),('14','009',104,21,7.9000),('145','009',162,21,4.3000),('2','009',498,21,2.9500),('21','009',364,21,2.2500),('23','009',408,21,10.1500),('24','009',106,21,7.9000),('29','009',117,21,2.5000),('44','009',257,21,3.4000),('45','009',397,21,6.7500),('50','009',1,21,8.8000),('64','009',393,14,4.7000),('78','009',286,14,10.1500),('81','009',178,14,3.4000),('85','009',471,14,4.5000),('91','009',27,14,7.9000),('97','009',210,14,0.2000),('99','009',362,14,5.6500),('E01R','011',335,21,2.9000),('E05R','011',365,10,0.8000),('E11X','011',35,10,0.9000),('E23W','011',255,10,1.0500),('H09','011',408,14,7.9500),('H10R','011',1,14,10.3500),('H14R','011',397,14,7.3500),('H14W','011',195,14,7.7000),('H17','011',117,14,2.9000),('H180','011',106,14,10.0000),('H75P','011',12,14,10.3500),('H99G','011',263,14,16.9500),('A002','013',67,10,1.4500),('A101','013',36,7,1.1500),('A103','013',184,7,0.1000),('A154','013',314,7,0.5000),('A230','013',372,10,1.6500),('A395','013',82,10,2.3000),('A472','013',383,7,0.6500),('A520','013',391,10,1.3000),('A677','013',437,10,1.3000),('B006','013',365,14,1.0000),('B024','013',393,14,6.2000),('B101','013',123,7,0.4000),('B111','013',422,10,2.3000),('B396','013',311,10,1.6500),('B578','013',1,14,12.7000),('C051','013',281,14,8.1500),('C119','013',262,14,6.2000),('C243','013',200,14,11.4000),('D029','013',471,14,6.5000),('D296','013',362,14,8.1500),('D321','013',56,14,1.6500),('D555','013',47,14,12.7000),('D742','013',364,14,3.2500),('E089','013',87,10,1.9500),('E409','013',228,10,1.3000),('F432','013',300,10,6.2000),('F823','013',332,10,1.6500),('G001','013',71,10,1.3000),('G002','013',31,14,6.5000),('G430','013',312,10,2.9500),('H510','013',316,10,1.9500),('001-2','014',455,10,1.1500),('012-V','014',212,10,1.7000),('027-V','014',372,10,1.4500),('067-V','014',384,10,2.0000),('087-V','014',297,10,1.1500),('103-2','014',23,10,1.0500),('117-V','014',13,10,1.7000),('118-V','014',467,10,1.1500),('162-V','014',228,10,1.1500),('195-V','014',478,10,0.5500),('201-V','014',390,10,2.0000),('209-V','014',68,10,1.7000),('255-1','014',50,10,0.3500),('257-V','014',164,10,1.4500),('263-V','014',54,10,1.7000),('264-V','014',351,10,1.4500),('273-V','014',398,10,0.5500),('281-1','014',102,10,0.5500),('286-V','014',87,10,1.7000),('300-V','014',71,10,1.1500),('327-1','014',147,10,0.4500),('335-V','014',436,10,1.7000),('362-V','014',311,10,1.4500),('365-V','014',157,10,0.3000),('393-V','014',56,10,1.4500),('397-V','014',363,10,2.5500),('400-2','014',380,10,0.5500),('408-V','014',316,10,1.7000),('471-2','014',35,10,0.5500),('498-2','014',123,10,0.3500),('ACMO','019',82,14,2.1000),('ACON','019',175,14,1.8000),('ALSC','019',425,14,1.2000),('ALTH','019',61,14,1.2000),('CAMP','019',87,14,1.8000),('CENT','019',80,14,1.2000),('CHRY','019',164,14,1.5000),('CYNO','019',56,14,1.5000),('DELP','019',212,14,1.8000),('DIAN','019',436,14,1.8000),('ERYN','019',13,14,1.8000),('EUPH','019',372,14,1.5000),('GEUM','019',316,14,1.8000),('GYPS','019',363,14,2.7000),('HELI','019',467,14,1.2000),('KNIP','019',486,14,2.1000),('LAMI','019',71,14,1.2000),('LUPI','019',89,14,1.5000),('MATR','019',234,14,1.8000),('PAEO','019',78,14,2.7000),('POTE','019',67,14,1.3500),('ROSM','019',207,14,1.2000),('1','020',470,7,0.6500),('103','020',36,7,1.1500),('162','020',468,7,0.5000),('195','020',184,7,0.1000),('209','020',123,7,0.4000),('210','020',434,7,0.5000),('257','020',266,7,0.6500),('263','020',169,7,0.0500),('281','020',126,7,2.4500),('362','020',383,7,0.6500),('393','020',147,7,0.5000),('47','020',361,7,0.6500),('471','020',143,7,1.0000),('498','020',314,7,0.5000),('66','020',253,7,0.1000),('AZA','021',106,10,8.7500),('BRE','021',364,10,2.5000),('FOR','021',108,10,2.7500),('HUL','021',408,10,11.2500),('KOR','021',117,10,2.7500),('LIG','021',210,10,0.2000),('MAG','021',195,10,7.2500),('OLI','021',471,10,5.0000),('PEP','021',397,10,7.5000),('ROD','021',1,10,9.7500),('SER','021',12,10,9.7500),('TOV','021',263,10,16.0000),('VUU','021',19,10,2.5000),('ZUU','021',242,10,1.7500),('B-003','022',393,14,5.1500),('B-011','022',286,14,12.1500),('B-034','022',281,14,6.7500),('B-076','022',39,14,2.4500),('B-104','022',28,14,22.9500),('E-002','022',335,10,2.8500),('E-003','022',365,10,0.8000),('S-015','022',210,14,0.2000),('S-077','022',471,14,5.4000),('S-118','022',471,14,9.4500),('S-154','022',364,14,2.7000),('ACMO','034',82,14,2.1500),('ALTH','034',61,14,1.2500),('ANCE','034',462,14,1.2500),('ANEM','034',390,14,2.1500),('ANGR','034',224,14,1.2500),('ANTI','034',468,14,0.5000),('AQUI','034',153,14,1.5500),('ARDR','034',105,14,1.2500),('BEGO','034',123,14,0.4000),('CAMP','034',87,14,1.8500),('CHEI','034',74,14,1.1000),('CHMA','034',164,14,1.5500),('CORT','034',300,14,5.9000),('CYNO','034',398,14,0.6000),('DELP','034',212,14,1.8500),('ECHI','034',24,14,1.8500),('ERYN','034',13,14,1.8500),('HEDE','034',427,14,4.6500),('LUPI','034',89,14,1.5500),('OCBA','034',120,14,1.2500),('PAPA','034',285,14,3.1000),('PARH','034',380,14,0.6000),('PHLO','034',143,14,0.9500),('PRIM','034',455,14,1.2500),('RUSC','034',319,14,1.2500),('SALV','034',391,14,1.2500),('TAGE','034',50,14,0.3500),('TULI','034',50,14,0.2500),('VIOL','034',157,14,0.3000),('VITI','034',31,14,6.2000),('WIST','034',253,14,0.0500),('ST1P1','035',89,10,1.6500),('ST1P3','035',311,10,1.6500),('ST1P4','035',130,10,1.3000),('ST1P6','035',61,10,1.3000),('ST1P8','035',428,10,2.9500),('ST1P9','035',285,10,3.3000),('ST2P1','035',467,10,1.3000),('ST2P2','035',54,10,2.0000),('ST2P3','035',82,10,2.3000),('ST2P5','035',205,10,2.9500),('ST2P6','035',68,10,2.0000),('ST3P1','035',180,10,4.3000),('ST3P2','035',427,10,4.9500),('ST3P5','035',296,10,1.3000),('ST4P1','035',320,10,7.9000),('ST4P2','035',283,10,3.3000),('ST4P5','035',190,10,0.8500),('ST4P6','035',42,10,3.3000);
/*!40000 ALTER TABLE `liefangebot` ENABLE KEYS */;
UNLOCK TABLES;

--
-- Table structure for table `lieferant`
--

DROP TABLE IF EXISTS `lieferant`;
/*!40101 SET @saved_cs_client     = @@character_set_client */;
/*!40101 SET character_set_client = utf8 */;
CREATE TABLE `lieferant` (
  `LiefNr` varchar(3) NOT NULL,
  `LiefName` varchar(20) NOT NULL,
  `LiefStr` varchar(25) DEFAULT NULL,
  `LiefPLZ` varchar(7) DEFAULT NULL,
  `LiefOrt` varchar(20) DEFAULT NULL,
  PRIMARY KEY (`LiefNr`)
) ENGINE=MyISAM DEFAULT CHARSET=utf8;
/*!40101 SET character_set_client = @saved_cs_client */;

--
-- Dumping data for table `lieferant`
--

LOCK TABLES `lieferant` WRITE;
/*!40000 ALTER TABLE `lieferant` DISABLE KEYS */;
INSERT INTO `lieferant` VALUES ('004','Flora GmbH','Gartenlaubenweg 12','78000','Freiburg'),('009','Baumgarten','Hinter den Höfen 3','78199','Bräunlingen'),('011','Strauch GmbH','Bergstraße 21','88000','München 6'),('013','Weißmann','Bahnhofsstraße 14','23453','Zittau'),('014','Kulturpflanzen GmbH','Waldseeweg 9','CH-1234','Abikon'),('019','Holzammer & Co','Im Ried 6','77712','Oberkirch'),('020','Blum & Partner','Rheinau 7','77757','Kehl-Rheinheim'),('021','Traube AG','Kuhstraße 24','A-3456','Vordertal'),('022','Heidepflanzen','Birkenweg 27','67897','Neudorf'),('034','Blumengroßmarkt Grün','In den Auen','77000','Karlsruhe'),('035','Garten Import-Export','Industriestraße','77000','Karlsruhe');
/*!40000 ALTER TABLE `lieferant` ENABLE KEYS */;
UNLOCK TABLES;

--
-- Table structure for table `pflanze`
--

DROP TABLE IF EXISTS `pflanze`;
/*!40101 SET @saved_cs_client     = @@character_set_client */;
/*!40101 SET character_set_client = utf8 */;
CREATE TABLE `pflanze` (
  `PNr` int(11) NOT NULL DEFAULT '0',
  `PPreis` decimal(19,4) DEFAULT '0.0000',
  `PName` varchar(16) DEFAULT NULL,
  `PSorte` varchar(8) DEFAULT NULL,
  `PFarbe` varchar(8) DEFAULT NULL,
  `PHöhe` int(11) DEFAULT '0',
  `PBlühBeg` int(11) DEFAULT '0',
  `PBlühEnde` int(11) DEFAULT NULL,
  PRIMARY KEY (`PNr`)
) ENGINE=MyISAM DEFAULT CHARSET=utf8;
/*!40101 SET character_set_client = @saved_cs_client */;

--
-- Dumping data for table `pflanze`
--

LOCK TABLES `pflanze` WRITE;
/*!40000 ALTER TABLE `pflanze` DISABLE KEYS */;
INSERT INTO `pflanze` VALUES (1,19.5000,'Rhododendron','Strauch','rot',125,5,7),(12,19.5000,'Flieder','Strauch','purpur',500,5,6),(13,3.0000,'Feldmannstreu','Staude','blau',75,6,7),(19,5.0000,'Feuerdorn','Strauch','weiß',0,6,6),(23,1.8000,'Glockenblume','2-jährig','blau',70,6,8),(24,3.0000,'Kugeldistel','Staude','blau',175,6,7),(27,32.0000,'Kastanie','Baum','weiß',2500,5,5),(28,42.5000,'Linde','Baum','gelb',4000,7,8),(31,10.0000,'Wein','Ranke',NULL,600,NULL,NULL),(35,1.0000,'Levkoje','2-jährig','gemischt',60,6,7),(36,2.2000,'Sonnenblume','1-jährig','gelb',150,8,10),(39,28.0000,'Pappel','Baum','weiß',1000,3,4),(42,5.0000,'Zyperngras','Wasser',NULL,0,NULL,NULL),(47,19.5000,'Weißtanne','Baum',NULL,3000,NULL,NULL),(50,0.6000,'Tagetes','1-jährig','gelb',25,7,10),(54,3.0000,'Butterblume','Staude','weiß',50,5,6),(56,2.5000,'Hundezunge','Staude','blau',30,6,8),(61,2.0000,'Stockrose','Staude','rot',250,6,9),(66,13.5000,'Zwergzypresse','Baum',NULL,500,NULL,NULL),(67,2.2500,'Fingerkraut','Staude','rot',25,6,9),(68,3.0000,'Tagilie','Staude','rot',80,6,8),(71,2.0000,'Taubnessel','Staude','gelb',35,4,5),(74,1.8000,'Goldlack','2-jährig','braun',50,4,5),(78,8.0000,'Pfingstrose','Staude','rot',50,6,7),(80,2.0000,'Kornblume','Staude','blau',80,7,8),(82,3.5000,'Bärentatze','Staude','weiß',100,7,9),(87,3.0000,'Glockenblume','Staude','blau',90,6,8),(89,2.5000,'Lupine','Staude','gemischt',100,6,7),(95,1.0000,'Levkoje','1-jährig','gemischt',60,6,8),(102,1.0000,'Silberblatt','2-jährig','lila',70,5,7),(104,17.5000,'Ahorn','Baum','grün',2500,6,6),(105,2.0000,'Estragon','Kraut','weiß',100,4,9),(106,17.5000,'Azalee','Strauch','orange',200,4,5),(108,5.5000,'Forsysthie','Strauch','gelb',250,3,4),(117,5.0000,'Kornelkirsche','Strauch','gelb',300,5,NULL),(120,2.0000,'Basilikum','Kraut','weiß',50,8,9),(123,0.6500,'Begonie','1-jährig','rot',15,6,9),(126,2.7500,'Zierlauch','Zwiebel','blau',75,6,8),(130,2.0000,'Fingerhutskraut','Staude','gemischt',0,6,8),(143,1.5000,'Flammenblume','1-jährig','gemischt',30,7,8),(147,0.7500,'Aster','1-jährig','gemischt',50,7,10),(153,2.5000,'Akelei','Staude','blau',60,5,7),(157,0.5000,'Veilchen','2-jährig','gemischt',15,3,8),(162,9.5000,'Essigbaum','Baum','rot',0,6,7),(164,2.5000,'Margerite','Staude','weiß',70,6,8),(169,0.1000,'Krokus','Zwiebel','weiß',15,2,3),(175,3.0000,'Eisenhut','Staude','violett',120,8,9),(178,7.5000,'Vogelbeere','Baum','weiß',500,5,5),(180,6.5000,'Waldranke','Ranke','purpur',300,7,9),(184,0.1400,'Iris','Zwiebel','blau',100,5,7),(190,1.2500,'Froschbiß','Wasser','weiß',0,7,8),(195,14.5000,'Magnolie','Strauch','weiß',1000,4,5),(200,17.5000,'Akazie','Baum','weiß',2500,6,6),(205,4.5000,'Dotterblume','Wasser','gelb',30,4,6),(207,2.0000,'Rosmarin','Kraut','blau',150,5,5),(209,19.5000,'Maibaum','Baum','rosa',700,5,5),(210,2.5000,'Liguster','Strauch','weiß',200,7,7),(212,3.0000,'Rittersporn','Staude','lila',150,6,7),(224,2.0000,'Dill','Kraut','gelb',90,7,8),(228,2.0000,'Engelsgras','Staude','rot',20,NULL,NULL),(234,3.0000,'Kamille','Staude','weiß',700,6,7),(242,3.5000,'Sauerdorn','Strauch','orange',300,5,6),(253,0.4000,'Traubenhyazinthe','Zwiebel','blau',20,2,6),(255,2.0000,'Winterheide','Heide','weiß',20,2,4),(257,25.5000,'Birke','Baum',NULL,2000,NULL,NULL),(262,9.5000,'Passionsblume','Ranke','blau',0,6,6),(263,32.0000,'Haselnuß','Strauch','gelb',500,1,2),(266,1.0000,'Kornblume','1-jährig','gemischt',80,7,8),(281,12.5000,'Buche','Baum','grün',3000,4,5),(283,5.0000,'Wasserhyazinthe','Wasser','blau',0,6,9),(285,3.0000,'Klatschmohn','Staude','rot',70,5,6),(286,22.5000,'Tulpenbaum','Baum','gelb',2000,6,7),(296,2.0000,'Petersilie','Kraut',NULL,25,NULL,NULL),(297,2.0000,'Majoran','Kraut','purpur',30,7,8),(300,9.5000,'Pampasgras','Staude','weiß',300,9,10),(311,2.5000,'Wasserhanf','Staude','purpur',175,8,9),(312,4.5000,'Rohrkolben','Wasser','gelb',200,8,9),(314,0.8000,'Chrysantheme','1-jährig','gelb',80,6,8),(316,3.0000,'Nelkenwurz','Staude','orange',50,7,8),(319,2.0000,'Ampfer','Kraut','rot',70,6,6),(320,12.0000,'Wasserlilie','Wasser','weiß',0,NULL,NULL),(323,2.0000,'Besenheide','Heide','gemischt',30,6,8),(332,2.5000,'Wasserschlauch','Wasser','gelb',0,7,8),(335,5.5000,'Baumheide','Heide','rosa',150,7,9),(351,2.5000,'Thymian','Kraut','purpur',10,6,6),(361,1.0000,'Rittersporn','1-jährig','gemischt',50,7,8),(362,21.0000,'Fichte','Baum',NULL,3000,NULL,NULL),(363,9.5000,'Gipskraut','Staude','weiß',90,7,8),(364,5.0000,'Ginster','Strauch','gelb',150,4,7),(365,1.5000,'Glockenheide','Heide','rot',35,6,9),(372,2.5000,'Wolfsmilch','Staude','gelb',60,4,4),(380,1.0000,'Klatschmohn','2-jährig','gemischt',40,6,6),(383,1.0000,'Dahlie','1-jährig','gemischt',40,8,10),(384,3.5000,'Feuerwerkpflanze','Staude','rosa',150,6,7),(390,3.5000,'Anemone','Staude','rosa',50,8,10),(391,2.0000,'Salbei','Kraut','violett',100,6,7),(393,9.5000,'Judasbaum','Baum','rosa',800,5,5),(397,15.0000,'Seidelbast','Strauch','rose',125,2,3),(398,1.0000,'Hundezunge','2-jährig','blau',30,5,6),(408,22.5000,'Stechpalme','Strauch',NULL,700,NULL,NULL),(420,22.0000,'Goldregen','Baum','gelb',600,5,5),(422,3.5000,'Wollgras','Wasser','weiß',30,5,6),(425,2.0000,'Schnittlauch','Kraut','purpur',20,7,8),(426,60.0000,'Steinkraut','1-jährig','purpur',10,6,9),(427,7.5000,'Efeu','Ranke',NULL,0,NULL,NULL),(428,4.5000,'Kalmus','Wasser',NULL,90,NULL,NULL),(434,0.8000,'Petunie','1-jährig','rosa',25,7,10),(436,3.0000,'Nelke','Staude','weiß',40,6,8),(437,2.0000,'Minze','Kraut','purpur',40,8,8),(455,2.0000,'Schlüsselblume','2-jährig','gemischt',25,4,5),(462,2.0000,'Kerbel','Kraut','weiß',30,NULL,NULL),(467,2.0000,'Sonnenblume','Staude','gelb',150,8,9),(468,0.8000,'Löwenmäulchen','1-jährig','gemischt',50,7,8),(469,0.4000,'Tulpe','Zwiebel','gelb',30,4,6),(470,1.0000,'Gipskraut','1-jährig','weiß',50,6,7),(471,10.0000,'Ölweide','Strauch','gelb',400,9,10),(478,1.0000,'Klatschmohn','1-jährig','gemischt',35,6,9),(486,3.5000,'Feuerpfeil','Staude','rot',120,6,9),(498,6.5000,'Wachholder','Baum',NULL,250,NULL,NULL),(513,2.5000,'Rose','Staude','rot',45,5,10),(593,0.5000,'Heidenröschen','Strauch','lila',30,5,9);
/*!40000 ALTER TABLE `pflanze` ENABLE KEYS */;
UNLOCK TABLES;
/*!40103 SET TIME_ZONE=@OLD_TIME_ZONE */;

/*!40101 SET SQL_MODE=@OLD_SQL_MODE */;
/*!40014 SET FOREIGN_KEY_CHECKS=@OLD_FOREIGN_KEY_CHECKS */;
/*!40014 SET UNIQUE_CHECKS=@OLD_UNIQUE_CHECKS */;
/*!40101 SET CHARACTER_SET_CLIENT=@OLD_CHARACTER_SET_CLIENT */;
/*!40101 SET CHARACTER_SET_RESULTS=@OLD_CHARACTER_SET_RESULTS */;
/*!40101 SET COLLATION_CONNECTION=@OLD_COLLATION_CONNECTION */;
/*!40111 SET SQL_NOTES=@OLD_SQL_NOTES */;

-- Dump completed on 2015-02-25 21:19:38
